{"sane": true, "normalizes": true, "log_prob": -881.3956909179688, "avg_log_prob": -1.7627913818359375, "perplexity": 5.828684792363902}